video_id,video_title,channel_url,comment_id,text,author,likes,timestamp
"yFOqdNl6XXs","Ethiopia - рІерЅ░рЅІрѕерїарІЇ рІхрѕГрІхрѕГріЊ рІФрѕЇрЅ│рѕ░рЅарІЇ рїЅрІърЇБ рЅхрѕФрѕЮрЇЋ рѕірѕўрїА ріљрІЇрЇБ рЅарЅхрїЇрѕФрІГ ріљрІ│рїЁ рїарЇІрЇБ рЅарїІрІЏ рІерЅ░рїѕрІ░рѕЅрЅх рібрЅхрІ«рїхрІФрІіріЋрЇБ рІерібрЅхрІ«рїхрІФріЊ рѕЕрѕ▓рІФ рѕхрѕЮрѕЮріљрЅх","https://www.youtube.com/@fetadailynews1","UgyZc1vQHAuQ6f6Dyeh4AaABAg","рід рѕђрѕЏрѕх ріЦрїЁріГ рІГрЅБрѕеріГ рІерЅђрѕЕрЅхріЋрѕЮ рїерѕГрѕ│рЅИрІЇ­ЪЄх­ЪЄИРюі","@FDHH-h7c7m",7,"1752264000"
"yFOqdNl6XXs","Ethiopia - рІерЅ░рЅІрѕерїарІЇ рІхрѕГрІхрѕГріЊ рІФрѕЇрЅ│рѕ░рЅарІЇ рїЅрІърЇБ рЅхрѕФрѕЮрЇЋ рѕірѕўрїА ріљрІЇрЇБ рЅарЅхрїЇрѕФрІГ ріљрІ│рїЁ рїарЇІрЇБ рЅарїІрІЏ рІерЅ░рїѕрІ░рѕЅрЅх рібрЅхрІ«рїхрІФрІіріЋрЇБ рІерібрЅхрІ«рїхрІФріЊ рѕЕрѕ▓рІФ рѕхрѕЮрѕЮріљрЅх","https://www.youtube.com/@fetadailynews1","UgyZc1vQHAuQ6f6Dyeh4AaABAg.AKTamS3A9gxAKTgLff_pHQ","ріЦрѕЁрЅхрІІ рѕђрѕЏрѕх рІерѕЁрѕЇрѕЮ ріЦрѕЕрїФ ріљрІЅ рІерІФрІўрІЅ рЅарѕ▒ рѕЮріГріЊрІерЅх рѕўрѕхрѕјріЮ рѕІрІГрѕєріЋрѕѕрЅх рїѕрїЦрѕъ рІѕрІГрѕЮ рЅ░ріЕрѕј рѕхрЅх ріЦріЊрЅХрЅй ріЦрѕЁрЅХрЅй рѕЁрЇЃріЊрЅХрЅй ріарІЏрІЅрЅХрЅй ріарїѕрѕФрЅИрІЅ рЇѕрѕерѕ░ рѕЮріЋ ріарѕўрїБ рѕЮріЋрѕЮ рѕЂрЅ▓  рІерѕўріЋ рѕѕрІерѕўріЋ рѕЁрІЮрЅЦ рѕЮріЋ ріарѕўрїБрѕІрЅИрІЅ рѕЮріЋрѕЮ рїЇріЋ рѕЂрІ░рІГрІ│ ріерЅ░рѕЏ рІФрѕЅ рІерѕўріЊрІірІФріќрЅй ріЦрІ░рЅх ріЦрІ░рѕєріЉ рЅЦрЅ│рІф рѕѕрЅЁрѕХрѕЮ ріарІГрЅарЅЃ ріерѕЂрѕѕрЅХрѕГ рЅарЇірЅх ріљрІЅ рѕЂрІ░рІГрІ│ріЋ рІФрІѕрІ░рѕЪрЅх рІерІерѕўріЋ рІерїѕрЅб рѕЮрїГ рІеріљрЅарѕерЅй ріерЅ░рѕЏ рІѕрІ░рЅД рѕхрЅх рѕўрѕГріерЅЦ рІГрЅєрѕЮрЅБрЅх ріљрЅарѕГ ріЦрІЏ рІФрѕЅ рІюрїјрЅй ріарІхрЅђріЋрѕЮ рѕ│рІФрѕхрЅА рІГріќрѕЕ ріљрЅарѕГ рѕхрѕФ ріарѕѕ рЅарЅђріЋрѕЮ рЅарѕѕрѕірЅхрѕЮ. рІеріЏ рібрЅхрІ«рї▓рІФріќрЅйрѕЮ ріерѕўрЅХ ріарѕхрѕГ рЇќрѕГрѕ░рЅх рІерѕџрѕєріЉ рібрЅхрІ«рї▓рІірІФріќрЅй рІерЅђріЋ рѕхрѕФ ріЦрІерѕ░рѕЕ рЅарІХрѕФрѕЇ рЅарІерѕўріЋ рЅЦрѕГ рІерѕџріерЇѕрѕІрЅИрІЅ ріљрЅарѕЕ ріерЇірѕїрїІ ріЦрІерѕёрІхріЕ рЅарІ░рЅЦ ріарЅђрІЅ ріљрЅарѕГ рІерѕЂрІ░рІГрІ│ріЋ ріЉрѕ« рЅБрѕѕрЇѕрІЅ рѕ│рѕЮрЅх рѕѓрІ░ріЋ ріарѕЇрЅЁрѕ╝ ріљрІЅ рІерЅ░рѕўрѕѕрѕхріЕрЅх рІерѕЏрІГрѕѕрѕЮріЋ рѕЁрІЮрЅЦ рІерѕѕрѕЮ рЅ░рѕўріфріЊ рѕхрЅхрІѕрѕГрїѓ ріЦрѕЁрЅхрІІ рїдрѕГріљрЅх ріарѕхрЅарІЅрЅарЅх ріарІЅрїЦрЅ░рѕй ріарІЅрѕГрІ░рѕй ріљрІЅ рѕўрїЇрЅБрЅх рІерѕўріЋріЋріЊ рїІрІЏріЋ рІФрІФ рѕЂрЅ▓ріЋріЊ рѕђрѕЏрѕхріЋ рѕўрІ░рїѕрЇЇ рІѕрїђрѕЇ ріљрІЅ рІФрѕхрЅЦрѕІрѕЇ ріерѕЮрѕГ ­Ъўб­Ъўб­Ъўб­Ъўб­Ъўб­Ъўб­Ъўб­Ъўб­Ъўб­Ъўб­Ъўб­Ъўб","@HussinSaide",1,"1752267600"
"yFOqdNl6XXs","Ethiopia - рІерЅ░рЅІрѕерїарІЇ рІхрѕГрІхрѕГріЊ рІФрѕЇрЅ│рѕ░рЅарІЇ рїЅрІърЇБ рЅхрѕФрѕЮрЇЋ рѕірѕўрїА ріљрІЇрЇБ рЅарЅхрїЇрѕФрІГ ріљрІ│рїЁ рїарЇІрЇБ рЅарїІрІЏ рІерЅ░рїѕрІ░рѕЅрЅх рібрЅхрІ«рїхрІФрІіріЋрЇБ рІерібрЅхрІ«рїхрІФріЊ рѕЕрѕ▓рІФ рѕхрѕЮрѕЮріљрЅх","https://www.youtube.com/@fetadailynews1","UgxoprTytCYes9y-5gR4AaABAg","''рІФ''ріЋ рѕерѕхрЅ░ріФрѕЇ","@heroadh1930",3,"1752267600"
"yFOqdNl6XXs","Ethiopia - рІерЅ░рЅІрѕерїарІЇ рІхрѕГрІхрѕГріЊ рІФрѕЇрЅ│рѕ░рЅарІЇ рїЅрІърЇБ рЅхрѕФрѕЮрЇЋ рѕірѕўрїА ріљрІЇрЇБ рЅарЅхрїЇрѕФрІГ ріљрІ│рїЁ рїарЇІрЇБ рЅарїІрІЏ рІерЅ░рїѕрІ░рѕЅрЅх рібрЅхрІ«рїхрІФрІіріЋрЇБ рІерібрЅхрІ«рїхрІФріЊ рѕЕрѕ▓рІФ рѕхрѕЮрѕЮріљрЅх","https://www.youtube.com/@fetadailynews1","UgxXqBfx84YWuncQF0h4AaABAg","ріЦріљрІџрІФ рІѕрѕФрѕфрІјрЅй рѕЁрѕЇрѕЏрЅИрІЇріЋ ріЦрІФрѕѕрѕЎ ріеріЦріЋрЅЁрѕЇрЇІрЅИрІЇ рѕ│рІГріљрЅЂ  рІеріарѕЈрѕЁ рЅарѕІрІЋ рІГрІЇрѕерІхрЅБрЅИрІЇ рІхрѕЇ рѕѕрЇірѕірѕхрїбріќрЅй","@personperson4914",1,"1752270600"
"yFOqdNl6XXs","Ethiopia - рІерЅ░рЅІрѕерїарІЇ рІхрѕГрІхрѕГріЊ рІФрѕЇрЅ│рѕ░рЅарІЇ рїЅрІърЇБ рЅхрѕФрѕЮрЇЋ рѕірѕўрїА ріљрІЇрЇБ рЅарЅхрїЇрѕФрІГ ріљрІ│рїЁ рїарЇІрЇБ рЅарїІрІЏ рІерЅ░рїѕрІ░рѕЅрЅх рібрЅхрІ«рїхрІФрІіріЋрЇБ рІерібрЅхрІ«рїхрІФріЊ рѕЕрѕ▓рІФ рѕхрѕЮрѕЮріљрЅх","https://www.youtube.com/@fetadailynews1","UgxzHZr-Gzq5W96OMS14AaABAg","ріљрІ│рїЁ рЅарЅхрїЇрѕФрІГ 300 рЅЦрѕГ рЅарїБрѕЮ рѕГріФрѕй ріљрІЇ  рѕўрѕЃрѕЇ рібрЅхрІ«рїхрІФ рІЅрѕхрїЦрѕЮ 250--300  рѕхрѕѕрѕєріљ","@Sudais-y6i",1,"1752267600"
"yFOqdNl6XXs","Ethiopia - рІерЅ░рЅІрѕерїарІЇ рІхрѕГрІхрѕГріЊ рІФрѕЇрЅ│рѕ░рЅарІЇ рїЅрІърЇБ рЅхрѕФрѕЮрЇЋ рѕірѕўрїА ріљрІЇрЇБ рЅарЅхрїЇрѕФрІГ ріљрІ│рїЁ рїарЇІрЇБ рЅарїІрІЏ рІерЅ░рїѕрІ░рѕЅрЅх рібрЅхрІ«рїхрІФрІіріЋрЇБ рІерібрЅхрІ«рїхрІФріЊ рѕЕрѕ▓рІФ рѕхрѕЮрѕЮріљрЅх","https://www.youtube.com/@fetadailynews1","UgwdyhpeoZR2QERI74F4AaABAg","ріарѕ░рѕІрѕЮ ріарѕїрІГріЕрѕЮ рІѕрІх рІерібрѕ░рѕІрѕЮ рѕЇрїђрЅй ріўрѕ«рЇЇрІГрѕїріЋ рЅ░рїГріЊрЅ╣ ріЉ рІеріљрЅбрІФрЅйріЋріЋ рІЇрЅЦ рѕђрІ▓рѕХрЅй ріЦріЋрѕЏрѕЏрѕГ ріарѕёрѕФрЅйріЋріЋ ріЦріЊрѕ░рЅ│рІѕрѕ░ рІѕрІ┤рЅй­Ъўб­Ъўб","@Tybatube",1,"1752267600"
"yFOqdNl6XXs","Ethiopia - рІерЅ░рЅІрѕерїарІЇ рІхрѕГрІхрѕГріЊ рІФрѕЇрЅ│рѕ░рЅарІЇ рїЅрІърЇБ рЅхрѕФрѕЮрЇЋ рѕірѕўрїА ріљрІЇрЇБ рЅарЅхрїЇрѕФрІГ ріљрІ│рїЁ рїарЇІрЇБ рЅарїІрІЏ рІерЅ░рїѕрІ░рѕЅрЅх рібрЅхрІ«рїхрІФрІіріЋрЇБ рІерібрЅхрІ«рїхрІФріЊ рѕЕрѕ▓рІФ рѕхрѕЮрѕЮріљрЅх","https://www.youtube.com/@fetadailynews1","UgzdE7YzmcHbV5M7Ewd4AaABAg","рѕўрЅ╝рѕЮ рѕЮріЦрѕФрЅБрІЇрІФріЋ рЇѕрїБрѕфрІјрЅ╗рЅ╣ ріЊрЅИрІЇ­Ъўѓ­Ъўѓ
рЅаріБрѕѕрѕЮ рЅарЇЇрѕІрїјрЅх рѕЮрЅхрїѕрІЎ ріБрїѕрѕГ рібрЅхрІ«рїхрІФ Рђ╝№ИЈ","@adeytube6750",0,"1752271362"
"yFOqdNl6XXs","Ethiopia - рІерЅ░рЅІрѕерїарІЇ рІхрѕГрІхрѕГріЊ рІФрѕЇрЅ│рѕ░рЅарІЇ рїЅрІърЇБ рЅхрѕФрѕЮрЇЋ рѕірѕўрїА ріљрІЇрЇБ рЅарЅхрїЇрѕФрІГ ріљрІ│рїЁ рїарЇІрЇБ рЅарїІрІЏ рІерЅ░рїѕрІ░рѕЅрЅх рібрЅхрІ«рїхрІФрІіріЋрЇБ рІерібрЅхрІ«рїхрІФріЊ рѕЕрѕ▓рІФ рѕхрѕЮрѕЮріљрЅх","https://www.youtube.com/@fetadailynews1","UgwvnPW4GrQoPa81z2d4AaABAg","рѕўрѕЇріФрѕЮ рѕ▓рідрѕЇ","@HussainAhemd-w9f",1,"1752267600"
"yFOqdNl6XXs","Ethiopia - рІерЅ░рЅІрѕерїарІЇ рІхрѕГрІхрѕГріЊ рІФрѕЇрЅ│рѕ░рЅарІЇ рїЅрІърЇБ рЅхрѕФрѕЮрЇЋ рѕірѕўрїА ріљрІЇрЇБ рЅарЅхрїЇрѕФрІГ ріљрІ│рїЁ рїарЇІрЇБ рЅарїІрІЏ рІерЅ░рїѕрІ░рѕЅрЅх рібрЅхрІ«рїхрІФрІіріЋрЇБ рІерібрЅхрІ«рїхрІФріЊ рѕЕрѕ▓рІФ рѕхрѕЮрѕЮріљрЅх","https://www.youtube.com/@fetadailynews1","UgyIfNMFOEEkJb8cVDx4AaABAg","­Ъўб­Ъўб­Ъўб­Ъўб­Ъўб","@sssaef",1,"1752264000"
"yFOqdNl6XXs","Ethiopia - рІерЅ░рЅІрѕерїарІЇ рІхрѕГрІхрѕГріЊ рІФрѕЇрЅ│рѕ░рЅарІЇ рїЅрІърЇБ рЅхрѕФрѕЮрЇЋ рѕірѕўрїА ріљрІЇрЇБ рЅарЅхрїЇрѕФрІГ ріљрІ│рїЁ рїарЇІрЇБ рЅарїІрІЏ рІерЅ░рїѕрІ░рѕЅрЅх рібрЅхрІ«рїхрІФрІіріЋрЇБ рІерібрЅхрІ«рїхрІФріЊ рѕЕрѕ▓рІФ рѕхрѕЮрѕЮріљрЅх","https://www.youtube.com/@fetadailynews1","Ugz47DekSEX0aa2nrNR4AaABAg","­Ъў«­Ъў«­Ъў«","@qedamawitube9138",1,"1752264000"
"yFOqdNl6XXs","Ethiopia - рІерЅ░рЅІрѕерїарІЇ рІхрѕГрІхрѕГріЊ рІФрѕЇрЅ│рѕ░рЅарІЇ рїЅрІърЇБ рЅхрѕФрѕЮрЇЋ рѕірѕўрїА ріљрІЇрЇБ рЅарЅхрїЇрѕФрІГ ріљрІ│рїЁ рїарЇІрЇБ рЅарїІрІЏ рІерЅ░рїѕрІ░рѕЅрЅх рібрЅхрІ«рїхрІФрІіріЋрЇБ рІерібрЅхрІ«рїхрІФріЊ рѕЕрѕ▓рІФ рѕхрѕЮрѕЮріљрЅх","https://www.youtube.com/@fetadailynews1","Ugxt5f6GoiWENmI9Uo54AaABAg","Good morning my family ­Ъњъ","@ayanoAbraham",0,"1752267600"
"yFOqdNl6XXs","Ethiopia - рІерЅ░рЅІрѕерїарІЇ рІхрѕГрІхрѕГріЊ рІФрѕЇрЅ│рѕ░рЅарІЇ рїЅрІърЇБ рЅхрѕФрѕЮрЇЋ рѕірѕўрїА ріљрІЇрЇБ рЅарЅхрїЇрѕФрІГ ріљрІ│рїЁ рїарЇІрЇБ рЅарїІрІЏ рІерЅ░рїѕрІ░рѕЅрЅх рібрЅхрІ«рїхрІФрІіріЋрЇБ рІерібрЅхрІ«рїхрІФріЊ рѕЕрѕ▓рІФ рѕхрѕЮрѕЮріљрЅх","https://www.youtube.com/@fetadailynews1","Ugxl33CJjZE74oVxN9R4AaABAg","1","@ezedinseid-f4d",1,"1752264000"
"yFOqdNl6XXs","Ethiopia - рІерЅ░рЅІрѕерїарІЇ рІхрѕГрІхрѕГріЊ рІФрѕЇрЅ│рѕ░рЅарІЇ рїЅрІърЇБ рЅхрѕФрѕЮрЇЋ рѕірѕўрїА ріљрІЇрЇБ рЅарЅхрїЇрѕФрІГ ріљрІ│рїЁ рїарЇІрЇБ рЅарїІрІЏ рІерЅ░рїѕрІ░рѕЅрЅх рібрЅхрІ«рїхрІФрІіріЋрЇБ рІерібрЅхрІ«рїхрІФріЊ рѕЕрѕ▓рІФ рѕхрѕЮрѕЮріљрЅх","https://www.youtube.com/@fetadailynews1","UgxUG-Q6KlviH1FCYpl4AaABAg","ріЦріћ ріаріЋрІх ріљрїѕрѕГ рІФрѕ│рІЮріљріЏ ріЦріЏ ріарЇЇрѕфріФрІЇрІФріЋ ріарїарїѕрЅБрЅйріЋ рІФрѕѕрІЇріЋ рІѕріЋрІхрѕЏрЅйріЋріЋ ріерѕЏріГрЅарѕГ рІГрѕЇрЅЁ рІѕрІ░ ріарѕерЅдрЅйріЊ ріљрї«рЅй рѕўрѕ«рїЦ ріЦріЋрїѓ рЅйрїЇрѕ«рЅ╗рЅйріЋріЋ рѕѕрѕўрЇЇрЅ│рЅх ріаріЋрЇѕрѕЇрїЇрѕЮ рЇб","@Jesus-t2d1y",1,"1752267600"
"yFOqdNl6XXs","Ethiopia - рІерЅ░рЅІрѕерїарІЇ рІхрѕГрІхрѕГріЊ рІФрѕЇрЅ│рѕ░рЅарІЇ рїЅрІърЇБ рЅхрѕФрѕЮрЇЋ рѕірѕўрїА ріљрІЇрЇБ рЅарЅхрїЇрѕФрІГ ріљрІ│рїЁ рїарЇІрЇБ рЅарїІрІЏ рІерЅ░рїѕрІ░рѕЅрЅх рібрЅхрІ«рїхрІФрІіріЋрЇБ рІерібрЅхрІ«рїхрІФріЊ рѕЕрѕ▓рІФ рѕхрѕЮрѕЮріљрЅх","https://www.youtube.com/@fetadailynews1","UgzfbGG9ZMAhO464yHl4AaABAg","рЅхріЋрѕ╣ рЅАрѕй рібрЅхрІ«рїхрІФ рѕўрїЦрЅХ ріљрЅарѕГ","@asfawbizaniemaru433",0,"1752267600"
"yFOqdNl6XXs","Ethiopia - рІерЅ░рЅІрѕерїарІЇ рІхрѕГрІхрѕГріЊ рІФрѕЇрЅ│рѕ░рЅарІЇ рїЅрІърЇБ рЅхрѕФрѕЮрЇЋ рѕірѕўрїА ріљрІЇрЇБ рЅарЅхрїЇрѕФрІГ ріљрІ│рїЁ рїарЇІрЇБ рЅарїІрІЏ рІерЅ░рїѕрІ░рѕЅрЅх рібрЅхрІ«рїхрІФрІіріЋрЇБ рІерібрЅхрІ«рїхрІФріЊ рѕЕрѕ▓рІФ рѕхрѕЮрѕЮріљрЅх","https://www.youtube.com/@fetadailynews1","UgzEYPzQUs6NYv7XaAl4AaABAg","рЅарЅђрІГ рЅБрѕЁрѕГ рІФрѕхрїѕрЅА   ріцрѕГрЅхрѕФ ріарѕѕрЅй  ріарІГрІ░рѕЇ   рїѕріЋрІўрЅЦ рЅйрїЇрѕГ рІерѕѕрѕЮ ріЦрІФрѕІрЅйрѕЂ рѕхрЅхрЇјріГрѕЕ ріарІГрІ░рѕЇ      рѕѕрЅ│ріЋріГ рІерѕџрѕєріЋ ріљрІ│рїЁ ріарІГрѕ░рїЦрѕЮ   рІерѕХрѕЏрѕірІФ рІхрѕГрІхрѕГ     рїірІю рѕўрїЇрІБ ріЦріЋрїѓ   ріЦрІЇріљрЅх","@seifuyazew5189",0,"1752267600"
"yFOqdNl6XXs","Ethiopia - рІерЅ░рЅІрѕерїарІЇ рІхрѕГрІхрѕГріЊ рІФрѕЇрЅ│рѕ░рЅарІЇ рїЅрІърЇБ рЅхрѕФрѕЮрЇЋ рѕірѕўрїА ріљрІЇрЇБ рЅарЅхрїЇрѕФрІГ ріљрІ│рїЁ рїарЇІрЇБ рЅарїІрІЏ рІерЅ░рїѕрІ░рѕЅрЅх рібрЅхрІ«рїхрІФрІіріЋрЇБ рІерібрЅхрІ«рїхрІФріЊ рѕЕрѕ▓рІФ рѕхрѕЮрѕЮріљрЅх","https://www.youtube.com/@fetadailynews1","Ugx9urZpJWAGhQXkBQt4AaABAg","рІерібрЅхрЅХ рЇѕрѕІрѕ╗рІјрЅй рІхрѕ«рѕх ріерЇірЅх ріарІхрѕГрїѕрІЇ рѕірІФрѕхрїѕрІхрѕЈрЅИрІЇ ріЦріЋрїЁ рѕўрЅй рѕ▓рІФріерЅЦрѕ»рЅИрІЇ рЅБрѕѕ рІѕрІ┤ рѕўрІ░рЅарЅѓрІФ ріаріЊрѕхрїѕрЅБрѕЮ рЅЦрѕѕрІЇ рѕѕрібрѕФріЋ рѕџрѕ│ріцрѕЇ рѕФрЅх рІерѕєріЉрЅхрѕх­Ъўѓ­Ъўѓ­Ъўѓ­Ъўѓ­Ъўі","@Almas-96",1,"1752269400"
"yFOqdNl6XXs","Ethiopia - рІерЅ░рЅІрѕерїарІЇ рІхрѕГрІхрѕГріЊ рІФрѕЇрЅ│рѕ░рЅарІЇ рїЅрІърЇБ рЅхрѕФрѕЮрЇЋ рѕірѕўрїА ріљрІЇрЇБ рЅарЅхрїЇрѕФрІГ ріљрІ│рїЁ рїарЇІрЇБ рЅарїІрІЏ рІерЅ░рїѕрІ░рѕЅрЅх рібрЅхрІ«рїхрІФрІіріЋрЇБ рІерібрЅхрІ«рїхрІФріЊ рѕЕрѕ▓рІФ рѕхрѕЮрѕЮріљрЅх","https://www.youtube.com/@fetadailynews1","UgxbFOdV-81Wpk8QDJB4AaABAg","рІерЅхрїЇрѕФрІГ ріљрІ│рїЁ рѕ╗рІЋрЅбрІФ ріЦрІерЅђрѕЏрЅИрІЇ рІѕрІ░ ріарѕхрѕўрѕФ ріЦрІерІѕрѕ░рІ░рЅБрЅИрІЇ ріљрІЇ­Ъўб","@heroadh1930",0,"1752267600"
"yFOqdNl6XXs","Ethiopia - рІерЅ░рЅІрѕерїарІЇ рІхрѕГрІхрѕГріЊ рІФрѕЇрЅ│рѕ░рЅарІЇ рїЅрІърЇБ рЅхрѕФрѕЮрЇЋ рѕірѕўрїА ріљрІЇрЇБ рЅарЅхрїЇрѕФрІГ ріљрІ│рїЁ рїарЇІрЇБ рЅарїІрІЏ рІерЅ░рїѕрІ░рѕЅрЅх рібрЅхрІ«рїхрІФрІіріЋрЇБ рІерібрЅхрІ«рїхрІФріЊ рѕЕрѕ▓рІФ рѕхрѕЮрѕЮріљрЅх","https://www.youtube.com/@fetadailynews1","UgxbFOdV-81Wpk8QDJB4AaABAg.AKTg4e55T82AKToVgx5vX7","ріљрІЇріЋрІ┤ ріерІерЅх рІерѕўрїБ ріљрІ│рїЁ ріљрІЇ­Ъўѓ­Ъўѓ­ЪўѓрЅєрЇЇрѕерѕЁ рІФрІѕрїБрѕђрІЇ ріљрІЇ???рѕўрѕђрѕЇ рІерѕїрѕѕрІЇ ріљрІ│рїЁ....рЅђрЅБрїБрѕфрЇб 
рѕхрЅхрІІрѕй рЅарѕўрїаріЉ рІГрѕЂріЋРђ╝№ИЈ","@adeytube6750",0,"1752271320"
"yFOqdNl6XXs","Ethiopia - рІерЅ░рЅІрѕерїарІЇ рІхрѕГрІхрѕГріЊ рІФрѕЇрЅ│рѕ░рЅарІЇ рїЅрІърЇБ рЅхрѕФрѕЮрЇЋ рѕірѕўрїА ріљрІЇрЇБ рЅарЅхрїЇрѕФрІГ ріљрІ│рїЁ рїарЇІрЇБ рЅарїІрІЏ рІерЅ░рїѕрІ░рѕЅрЅх рібрЅхрІ«рїхрІФрІіріЋрЇБ рІерібрЅхрІ«рїхрІФріЊ рѕЕрѕ▓рІФ рѕхрѕЮрѕЮріљрЅх","https://www.youtube.com/@fetadailynews1","UgwENS6MTBSDmjLNvDh4AaABAg","Pp set defri","@SelamKidan-o6u",0,"1752267600"
"yFOqdNl6XXs","Ethiopia - рІерЅ░рЅІрѕерїарІЇ рІхрѕГрІхрѕГріЊ рІФрѕЇрЅ│рѕ░рЅарІЇ рїЅрІърЇБ рЅхрѕФрѕЮрЇЋ рѕірѕўрїА ріљрІЇрЇБ рЅарЅхрїЇрѕФрІГ ріљрІ│рїЁ рїарЇІрЇБ рЅарїІрІЏ рІерЅ░рїѕрІ░рѕЅрЅх рібрЅхрІ«рїхрІФрІіріЋрЇБ рІерібрЅхрІ«рїхрІФріЊ рѕЕрѕ▓рІФ рѕхрѕЮрѕЮріљрЅх","https://www.youtube.com/@fetadailynews1","UgyifIKOsEZ5dfulkNB4AaABAg","­Ъўѓ, ­Ъўѓ­Ъўѓ­Ъўѓ­Ъўѓ­Ъўѓ","@Kiyaa-v7b",0,"1752267600"
"j8U5EDqPmM8","Ethiopia - ріерібрЅхрІ«рїхрІФ рїІрѕГ рІерЅ░рЇІрїарїарІЇ рІерїЇрЅЦрЇЁ рїдрѕГ рѕИрѕИрЇБ рібрЅхрІ«рїхрІФріЊ ріарѕюрѕфріФ рѕірІ░рѕФрІ░рѕЕ ріљрІЇрЇБ ріаріљрїІрїІрѕфрІЇ рІерѕўрЅђрѕї рЇЇрѕГрІхрЇБ рібрЅхрІ«рїхрІФрІЇрІФріЉрѕърЅх рЅ░рЇѕрѕерІ░рЅБрЅИрІЇ","https://www.youtube.com/@fetadailynews1","UgyyQx4l7D2ed2V8PC14AaABAg","ріЦріЏ рѕЏрѕИріљрЇЇ ріЦріЋрїѓ рѕўрѕИріљрЇЇ рІѕрїІрЅйріЋ ріарІГрІ░рѕѕрѕЮ­Ъњф­Ъњф­Ъњф­Ъњф­Ъњф","@AbezuHuseen",9,"1752210000"
"j8U5EDqPmM8","Ethiopia - ріерібрЅхрІ«рїхрІФ рїІрѕГ рІерЅ░рЇІрїарїарІЇ рІерїЇрЅЦрЇЁ рїдрѕГ рѕИрѕИрЇБ рібрЅхрІ«рїхрІФріЊ ріарѕюрѕфріФ рѕірІ░рѕФрІ░рѕЕ ріљрІЇрЇБ ріаріљрїІрїІрѕфрІЇ рІерѕўрЅђрѕї рЇЇрѕГрІхрЇБ рібрЅхрІ«рїхрІФрІЇрІФріЉрѕърЅх рЅ░рЇѕрѕерІ░рЅБрЅИрІЇ","https://www.youtube.com/@fetadailynews1","UgyyQx4l7D2ed2V8PC14AaABAg.AKRxU7vXVitAKTO9hacJZm","рІЮрѕЮ рЅарІГ рѕЎрѕГрі«ріЏ, ­ЪЄф­ЪЄг­ЪЄф­ЪЄг­ЪЄф­ЪЄгРЮц№ИЈ­ЪЄф­ЪЄи­ЪЄф­ЪЄи­ЪЄф­ЪЄи­ЪЄф­ЪЄи","@ріљрЇІрѕ▓рЅх1991",1,"1752256800"
"j8U5EDqPmM8","Ethiopia - ріерібрЅхрІ«рїхрІФ рїІрѕГ рІерЅ░рЇІрїарїарІЇ рІерїЇрЅЦрЇЁ рїдрѕГ рѕИрѕИрЇБ рібрЅхрІ«рїхрІФріЊ ріарѕюрѕфріФ рѕірІ░рѕФрІ░рѕЕ ріљрІЇрЇБ ріаріљрїІрїІрѕфрІЇ рІерѕўрЅђрѕї рЇЇрѕГрІхрЇБ рібрЅхрІ«рїхрІФрІЇрІФріЉрѕърЅх рЅ░рЇѕрѕерІ░рЅБрЅИрІЇ","https://www.youtube.com/@fetadailynews1","UgwVQS1SRx0LNDwZ6UF4AaABAg","пД┘ёп│п»п│п»┘єпД ­ЪЄф­ЪЄ╣ ­ЪњЎ ­Ъњљ","@AbuMalike-w6f",3,"1752206400"
"j8U5EDqPmM8","Ethiopia - ріерібрЅхрІ«рїхрІФ рїІрѕГ рІерЅ░рЇІрїарїарІЇ рІерїЇрЅЦрЇЁ рїдрѕГ рѕИрѕИрЇБ рібрЅхрІ«рїхрІФріЊ ріарѕюрѕфріФ рѕірІ░рѕФрІ░рѕЕ ріљрІЇрЇБ ріаріљрїІрїІрѕфрІЇ рІерѕўрЅђрѕї рЇЇрѕГрІхрЇБ рібрЅхрІ«рїхрІФрІЇрІФріЉрѕърЅх рЅ░рЇѕрѕерІ░рЅБрЅИрІЇ","https://www.youtube.com/@fetadailynews1","UgzM2ydvP-b7KDl5MfN4AaABAg","­Ъњџ­ЪњЏРЮц№ИЈрІерЅ░рѕхрЇІрІГрЅи рѕЮрІхрѕГ рѕ░ріЋрІ░рЅЁ­Ъњџ­ЪњЏРЮц№ИЈ­Ъњџ­ЪњЏРЮц№ИЈрІерїірІю рїЅрІ│рІГ ріљрІЅ, рІерѕ░рІЅ рѕџрѕхрЅх рІѕрІГрѕЮ рЅБрѕЇ рІЅрѕйрѕЏ рЅЦрЅ╗ ріљрІЅ рѕўрѕєріЋ рІерѕџрЅйрѕѕрІЅ. ріарѕ░рЅЦрѕЮ рѕЂрѕЅрѕЮ рІѕрІ░рЅБрѕѕрЅцрЅ▒ рІГрѕўрѕѕрѕ│рѕЇ­Ъњџ­ЪњЏРЮц№ИЈ","@robie5210",4,"1752217200"
"j8U5EDqPmM8","Ethiopia - ріерібрЅхрІ«рїхрІФ рїІрѕГ рІерЅ░рЇІрїарїарІЇ рІерїЇрЅЦрЇЁ рїдрѕГ рѕИрѕИрЇБ рібрЅхрІ«рїхрІФріЊ ріарѕюрѕфріФ рѕірІ░рѕФрІ░рѕЕ ріљрІЇрЇБ ріаріљрїІрїІрѕфрІЇ рІерѕўрЅђрѕї рЇЇрѕГрІхрЇБ рібрЅхрІ«рїхрІФрІЇрІФріЉрѕърЅх рЅ░рЇѕрѕерІ░рЅБрЅИрІЇ","https://www.youtube.com/@fetadailynews1","UgzM2ydvP-b7KDl5MfN4AaABAg.AKS8xWxCR4eAKSUrWCWD3T","ріЦріЊ ріЦрѕхріФрѕЂріЋ рІеріЊрЅхрѕЁріЋ ріЦрѕЮрѕх рїГрїѕрѕГ ріЦрІерѕІрїерѕЁ ріљрІЇ? ріЦріЊрЅхрѕЁріЋ рѕЇрЅЦрІ│рѕЇрѕЁріЊ ріарѕ░рЅЦріЋ рѕЇрѕхрїЦрѕЁ","@JemalabduMohamed",1,"1752228000"
"j8U5EDqPmM8","Ethiopia - ріерібрЅхрІ«рїхрІФ рїІрѕГ рІерЅ░рЇІрїарїарІЇ рІерїЇрЅЦрЇЁ рїдрѕГ рѕИрѕИрЇБ рібрЅхрІ«рїхрІФріЊ ріарѕюрѕфріФ рѕірІ░рѕФрІ░рѕЕ ріљрІЇрЇБ ріаріљрїІрїІрѕфрІЇ рІерѕўрЅђрѕї рЇЇрѕГрІхрЇБ рібрЅхрІ«рїхрІФрІЇрІФріЉрѕърЅх рЅ░рЇѕрѕерІ░рЅБрЅИрІЇ","https://www.youtube.com/@fetadailynews1","Ugy7LwrmC3DV7Q0a8qN4AaABAg","Feta Daily News  рЅ░ріерЅ│рІ«рЅй ріЦріЋрІ┤рЅх рІІрѕІрЅйрѕЂ","@ayanoAbraham",7,"1752206400"
"j8U5EDqPmM8","Ethiopia - ріерібрЅхрІ«рїхрІФ рїІрѕГ рІерЅ░рЇІрїарїарІЇ рІерїЇрЅЦрЇЁ рїдрѕГ рѕИрѕИрЇБ рібрЅхрІ«рїхрІФріЊ ріарѕюрѕфріФ рѕірІ░рѕФрІ░рѕЕ ріљрІЇрЇБ ріаріљрїІрїІрѕфрІЇ рІерѕўрЅђрѕї рЇЇрѕГрІхрЇБ рібрЅхрІ«рїхрІФрІЇрІФріЉрѕърЅх рЅ░рЇѕрѕерІ░рЅБрЅИрІЇ","https://www.youtube.com/@fetadailynews1","UgxCOOJduoBM89sg7Fx4AaABAg","рѕарѕІрѕЮрѕѕрѕђрїѕрѕФрЅйріЋ","@рѕЎрѕЅрїїрЅ│-рЅђ9рІа",1,"1752213600"
"j8U5EDqPmM8","Ethiopia - ріерібрЅхрІ«рїхрІФ рїІрѕГ рІерЅ░рЇІрїарїарІЇ рІерїЇрЅЦрЇЁ рїдрѕГ рѕИрѕИрЇБ рібрЅхрІ«рїхрІФріЊ ріарѕюрѕфріФ рѕірІ░рѕФрІ░рѕЕ ріљрІЇрЇБ ріаріљрїІрїІрѕфрІЇ рІерѕўрЅђрѕї рЇЇрѕГрІхрЇБ рібрЅхрІ«рїхрІФрІЇрІФріЉрѕърЅх рЅ░рЇѕрѕерІ░рЅБрЅИрІЇ","https://www.youtube.com/@fetadailynews1","Ugy1gm0vG4FrvPQGDg54AaABAg","ethiopia­ЪњфРЮц","@jokermhidi",1,"1752213600"
"j8U5EDqPmM8","Ethiopia - ріерібрЅхрІ«рїхрІФ рїІрѕГ рІерЅ░рЇІрїарїарІЇ рІерїЇрЅЦрЇЁ рїдрѕГ рѕИрѕИрЇБ рібрЅхрІ«рїхрІФріЊ ріарѕюрѕфріФ рѕірІ░рѕФрІ░рѕЕ ріљрІЇрЇБ ріаріљрїІрїІрѕфрІЇ рІерѕўрЅђрѕї рЇЇрѕГрІхрЇБ рібрЅхрІ«рїхрІФрІЇрІФріЉрѕърЅх рЅ░рЇѕрѕерІ░рЅБрЅИрІЇ","https://www.youtube.com/@fetadailynews1","UgxkNDLKjcndjnndIMR4AaABAg","рІѕрІх рІерібрѕхрѕІрѕЮ рѕЇрїєрЅй рЅарѕ«рЇЇрІГрѕїріЋ рЅ░рїГріЊрЅ╣ ріЉ рІеріљрЅбрІФрЅйріЋріЋ рІЇрЅЦ рѕђрІ▓рѕХрЅй ріЦріЋрѕЏрѕЏрѕГ ріарѕєрѕФрЅйріЋріЋ ріЦріЊрѕ░рЅ│рІѕрѕ░ рІѕрІ┤рЅйРЮц­ЪјЅ­Ъўб","@Tybatube",5,"1752210000"
"j8U5EDqPmM8","Ethiopia - ріерібрЅхрІ«рїхрІФ рїІрѕГ рІерЅ░рЇІрїарїарІЇ рІерїЇрЅЦрЇЁ рїдрѕГ рѕИрѕИрЇБ рібрЅхрІ«рїхрІФріЊ ріарѕюрѕфріФ рѕірІ░рѕФрІ░рѕЕ ріљрІЇрЇБ ріаріљрїІрїІрѕфрІЇ рІерѕўрЅђрѕї рЇЇрѕГрІхрЇБ рібрЅхрІ«рїхрІФрІЇрІФріЉрѕърЅх рЅ░рЇѕрѕерІ░рЅБрЅИрІЇ","https://www.youtube.com/@fetadailynews1","UgxkNDLKjcndjnndIMR4AaABAg.AKRtU5fmA2TAKSOWvqNSb1","РЮцРЮцРЮц","@рѕЅрЅБрЅБріарѕ░ріЋ-рїў2рѕљ",0,"1752224400"
"j8U5EDqPmM8","Ethiopia - ріерібрЅхрІ«рїхрІФ рїІрѕГ рІерЅ░рЇІрїарїарІЇ рІерїЇрЅЦрЇЁ рїдрѕГ рѕИрѕИрЇБ рібрЅхрІ«рїхрІФріЊ ріарѕюрѕфріФ рѕірІ░рѕФрІ░рѕЕ ріљрІЇрЇБ ріаріљрїІрїІрѕфрІЇ рІерѕўрЅђрѕї рЇЇрѕГрІхрЇБ рібрЅхрІ«рїхрІФрІЇрІФріЉрѕърЅх рЅ░рЇѕрѕерІ░рЅБрЅИрІЇ","https://www.youtube.com/@fetadailynews1","UgxkNDLKjcndjnndIMR4AaABAg.AKRtU5fmA2TAKSOYCh_dV-","­ЪјЅ­ЪјЅ­ЪјЅ","@рѕЅрЅБрЅБріарѕ░ріЋ-рїў2рѕљ",0,"1752224400"
"j8U5EDqPmM8","Ethiopia - ріерібрЅхрІ«рїхрІФ рїІрѕГ рІерЅ░рЇІрїарїарІЇ рІерїЇрЅЦрЇЁ рїдрѕГ рѕИрѕИрЇБ рібрЅхрІ«рїхрІФріЊ ріарѕюрѕфріФ рѕірІ░рѕФрІ░рѕЕ ріљрІЇрЇБ ріаріљрїІрїІрѕфрІЇ рІерѕўрЅђрѕї рЇЇрѕГрІхрЇБ рібрЅхрІ«рїхрІФрІЇрІФріЉрѕърЅх рЅ░рЇѕрѕерІ░рЅБрЅИрІЇ","https://www.youtube.com/@fetadailynews1","UgwNfuF5SV2GonVK4DJ4AaABAg","Nure sle welegaw wgia   zegib ­ЪЎЈ","@FitseTila12",0,"1752246000"
"j8U5EDqPmM8","Ethiopia - ріерібрЅхрІ«рїхрІФ рїІрѕГ рІерЅ░рЇІрїарїарІЇ рІерїЇрЅЦрЇЁ рїдрѕГ рѕИрѕИрЇБ рібрЅхрІ«рїхрІФріЊ ріарѕюрѕфріФ рѕірІ░рѕФрІ░рѕЕ ріљрІЇрЇБ ріаріљрїІрїІрѕфрІЇ рІерѕўрЅђрѕї рЇЇрѕГрІхрЇБ рібрЅхрІ«рїхрІФрІЇрІФріЉрѕърЅх рЅ░рЇѕрѕерІ░рЅБрЅИрІЇ","https://www.youtube.com/@fetadailynews1","UgxrcPqXj3xA4iyxS994AaABAg","рІхрѕГрІхрѕГ  рІхрѕГрІхрѕГ  рІхрѕГрІхрѕГ  рѕйрѕЁ рІЊрѕўрЅх рІхрѕГрІхрѕГ","@NadiHemmat",1,"1752213600"
"j8U5EDqPmM8","Ethiopia - ріерібрЅхрІ«рїхрІФ рїІрѕГ рІерЅ░рЇІрїарїарІЇ рІерїЇрЅЦрЇЁ рїдрѕГ рѕИрѕИрЇБ рібрЅхрІ«рїхрІФріЊ ріарѕюрѕфріФ рѕірІ░рѕФрІ░рѕЕ ріљрІЇрЇБ ріаріљрїІрїІрѕфрІЇ рІерѕўрЅђрѕї рЇЇрѕГрІхрЇБ рібрЅхрІ«рїхрІФрІЇрІФріЉрѕърЅх рЅ░рЇѕрѕерІ░рЅБрЅИрІЇ","https://www.youtube.com/@fetadailynews1","Ugzc-LW2JHUduSCtNNp4AaABAg","рІюріЊ ріарЅ│рЅЦрІЎ рІЮрЅБрІЮріг рЅарІерѕ░рІЊрЅ▒","@рЅЦрѕхрѕгрІЇ",0,"1752206400"
"j8U5EDqPmM8","Ethiopia - ріерібрЅхрІ«рїхрІФ рїІрѕГ рІерЅ░рЇІрїарїарІЇ рІерїЇрЅЦрЇЁ рїдрѕГ рѕИрѕИрЇБ рібрЅхрІ«рїхрІФріЊ ріарѕюрѕфріФ рѕірІ░рѕФрІ░рѕЕ ріљрІЇрЇБ ріаріљрїІрїІрѕфрІЇ рІерѕўрЅђрѕї рЇЇрѕГрІхрЇБ рібрЅхрІ«рїхрІФрІЇрІФріЉрѕърЅх рЅ░рЇѕрѕерІ░рЅБрЅИрІЇ","https://www.youtube.com/@fetadailynews1","UgySXjba4yV-5zCIVaB4AaABAg","Welcome bro Good ­ЪЉЇ Job","@astechtube",0,"1752210000"
"j8U5EDqPmM8","Ethiopia - ріерібрЅхрІ«рїхрІФ рїІрѕГ рІерЅ░рЇІрїарїарІЇ рІерїЇрЅЦрЇЁ рїдрѕГ рѕИрѕИрЇБ рібрЅхрІ«рїхрІФріЊ ріарѕюрѕфріФ рѕірІ░рѕФрІ░рѕЕ ріљрІЇрЇБ ріаріљрїІрїІрѕфрІЇ рІерѕўрЅђрѕї рЇЇрѕГрІхрЇБ рібрЅхрІ«рїхрІФрІЇрІФріЉрѕърЅх рЅ░рЇѕрѕерІ░рЅБрЅИрІЇ","https://www.youtube.com/@fetadailynews1","UgzP8GOdWm9tMvHD8_54AaABAg","РЮцРЮцРЮцРЮцРЮцріарЇЇрѕфріФрІірІФріЋ рЅаріарЇЇрѕфріФрІіріљрЅ│рЅИрІЇ рѕўріЕрѕФрЅх ріарѕѕрЅарЅИрІЇ рЇб рїЇрЅЦрЇЁ рЅарѕЮріЋрѕЮ рѕўрѕЇріЕ ріерібрЅхрІ«рїхрІФ рїІрѕГ рѕўрїѕрІ│рІ░рѕГ ріарѕЇрЅ╗рѕѕрЅйрѕЮ рЅйрѕІрѕЮ ріарЅ│рІЇрЅЁрѕЮ рѕЮріЋ рїірІюрѕЮ ріарЅхрЅйрѕЇрѕЮ ріарЅхрѕъріГрѕерІЇрѕЮ рЇб­ЪјЅ­ЪјЅ­ЪјЅ­ЪјЅ­ЪјЅ","@MHMETHIOPIA",0,"1752210000"
"j8U5EDqPmM8","Ethiopia - ріерібрЅхрІ«рїхрІФ рїІрѕГ рІерЅ░рЇІрїарїарІЇ рІерїЇрЅЦрЇЁ рїдрѕГ рѕИрѕИрЇБ рібрЅхрІ«рїхрІФріЊ ріарѕюрѕфріФ рѕірІ░рѕФрІ░рѕЕ ріљрІЇрЇБ ріаріљрїІрїІрѕфрІЇ рІерѕўрЅђрѕї рЇЇрѕГрІхрЇБ рібрЅхрІ«рїхрІФрІЇрІФріЉрѕърЅх рЅ░рЇѕрѕерІ░рЅБрЅИрІЇ","https://www.youtube.com/@fetadailynews1","Ugyus9oZvJA_bOqkYwl4AaABAg","рЅарѕърЅх рѕўрЅђрїБрЅх ріљрЅарѕерЅБрЅИрІЇрЇб","@AbrahaBerhe-g9z",1,"1752210000"
"j8U5EDqPmM8","Ethiopia - ріерібрЅхрІ«рїхрІФ рїІрѕГ рІерЅ░рЇІрїарїарІЇ рІерїЇрЅЦрЇЁ рїдрѕГ рѕИрѕИрЇБ рібрЅхрІ«рїхрІФріЊ ріарѕюрѕфріФ рѕірІ░рѕФрІ░рѕЕ ріљрІЇрЇБ ріаріљрїІрїІрѕфрІЇ рІерѕўрЅђрѕї рЇЇрѕГрІхрЇБ рібрЅхрІ«рїхрІФрІЇрІФріЉрѕърЅх рЅ░рЇѕрѕерІ░рЅБрЅИрІЇ","https://www.youtube.com/@fetadailynews1","Ugzb4UVo_db9BoxZCMR4AaABAg","рѕўрѕЇріФрѕЮ рІюріЊ ріљрІЇ рІ░рѕх рІГрѕІрѕЇ","@JemalMohammed-w5t",0,"1752206400"
"j8U5EDqPmM8","Ethiopia - ріерібрЅхрІ«рїхрІФ рїІрѕГ рІерЅ░рЇІрїарїарІЇ рІерїЇрЅЦрЇЁ рїдрѕГ рѕИрѕИрЇБ рібрЅхрІ«рїхрІФріЊ ріарѕюрѕфріФ рѕірІ░рѕФрІ░рѕЕ ріљрІЇрЇБ ріаріљрїІрїІрѕфрІЇ рІерѕўрЅђрѕї рЇЇрѕГрІхрЇБ рібрЅхрІ«рїхрІФрІЇрІФріЉрѕърЅх рЅ░рЇѕрѕерІ░рЅБрЅИрІЇ","https://www.youtube.com/@fetadailynews1","Ugy2vj7Cn9NnVEuJ7ZZ4AaABAg","п│п» пД┘ё┘є┘ЄпХпЕ пД┘ёпЦпФ┘і┘ѕпе┘і п«пи пБпГ┘Ёп▒ ┘Ђ┘ёпДпф┘ѓп▒пе ­Ъїё­ЪЄф­ЪЄ╣­ЪЄф­ЪЄ╣­ЪЄф­ЪЄ╣­ЪњЎ­ЪњЎ­Ъњљ­Ъњљ","@AbuMalike-w6f",0,"1752206400"
"j8U5EDqPmM8","Ethiopia - ріерібрЅхрІ«рїхрІФ рїІрѕГ рІерЅ░рЇІрїарїарІЇ рІерїЇрЅЦрЇЁ рїдрѕГ рѕИрѕИрЇБ рібрЅхрІ«рїхрІФріЊ ріарѕюрѕфріФ рѕірІ░рѕФрІ░рѕЕ ріљрІЇрЇБ ріаріљрїІрїІрѕфрІЇ рІерѕўрЅђрѕї рЇЇрѕГрІхрЇБ рібрЅхрІ«рїхрІФрІЇрІФріЉрѕърЅх рЅ░рЇѕрѕерІ░рЅБрЅИрІЇ","https://www.youtube.com/@fetadailynews1","Ugx1MtSYl5ipXbfSAEh4AaABAg","рЇЇрѕГрІх рЅцрЅх ріЦріЋрІ│рЅх рїѕрЅА рІерЅ░ріерѕІріерѕІрЅйрѕЂ рІѕрѕІрїЁрЅй ріЦрїЇрІџріарЅЦрѕёрѕГ рЇЁріЊрЅ▒ріЋ рІГрѕхрїБрЅйрѕЂ ріљрЇЇрѕиріЋ рІГрѕЏрѕГрѕЇріЋ  ріБрІГ рѕЁрїЇ????","@misikirzewgeketaw5501",0,"1752224400"
"j8U5EDqPmM8","Ethiopia - ріерібрЅхрІ«рїхрІФ рїІрѕГ рІерЅ░рЇІрїарїарІЇ рІерїЇрЅЦрЇЁ рїдрѕГ рѕИрѕИрЇБ рібрЅхрІ«рїхрІФріЊ ріарѕюрѕфріФ рѕірІ░рѕФрІ░рѕЕ ріљрІЇрЇБ ріаріљрїІрїІрѕфрІЇ рІерѕўрЅђрѕї рЇЇрѕГрІхрЇБ рібрЅхрІ«рїхрІФрІЇрІФріЉрѕърЅх рЅ░рЇѕрѕерІ░рЅБрЅИрІЇ","https://www.youtube.com/@fetadailynews1","Ugwpo9f8rAAIPAEdMC54AaABAg","рїЇрЅЦрЇЁ рѕхрїђрѕўрѕГ рЅ░рѕИріЋрЇІ ріЦріЋрїѓ ріарѕИріЋрЇЇ ріарЅ│рЅЁрѕЮрЇб","@HabteBoy-y9b",1,"1752210000"
"j8U5EDqPmM8","Ethiopia - ріерібрЅхрІ«рїхрІФ рїІрѕГ рІерЅ░рЇІрїарїарІЇ рІерїЇрЅЦрЇЁ рїдрѕГ рѕИрѕИрЇБ рібрЅхрІ«рїхрІФріЊ ріарѕюрѕфріФ рѕірІ░рѕФрІ░рѕЕ ріљрІЇрЇБ ріаріљрїІрїІрѕфрІЇ рІерѕўрЅђрѕї рЇЇрѕГрІхрЇБ рібрЅхрІ«рїхрІФрІЇрІФріЉрѕърЅх рЅ░рЇѕрѕерІ░рЅБрЅИрІЇ","https://www.youtube.com/@fetadailynews1","Ugwpo9f8rAAIPAEdMC54AaABAg.AKRv7IEr_WSAKSEd2pKExx","рЅарѕЏріЋ рЅарѕЏріЋ ріљрІЇ рІерЅ░рѕИріљрЇѕрЅйрІЇ","@peacelove6150",0,"1752220800"
"j8U5EDqPmM8","Ethiopia - ріерібрЅхрІ«рїхрІФ рїІрѕГ рІерЅ░рЇІрїарїарІЇ рІерїЇрЅЦрЇЁ рїдрѕГ рѕИрѕИрЇБ рібрЅхрІ«рїхрІФріЊ ріарѕюрѕфріФ рѕірІ░рѕФрІ░рѕЕ ріљрІЇрЇБ ріаріљрїІрїІрѕфрІЇ рІерѕўрЅђрѕї рЇЇрѕГрІхрЇБ рібрЅхрІ«рїхрІФрІЇрІФріЉрѕърЅх рЅ░рЇѕрѕерІ░рЅБрЅИрІЇ","https://www.youtube.com/@fetadailynews1","UgyQFytfwwYzukHJmEN4AaABAg","ріарЅЦрІГріЊ рїЇрЅЦрЇЁ рІѕрІ│рїЁ рѕўрѕєріЊрЅ╝рІЇріЋ рѕхріЋрЅХрЅ╗рЅйріЋ ріЦріЋрѕерІ│ рІГрѕєріЋ?","@werkukasa9021",0,"1752249600"
"j8U5EDqPmM8","Ethiopia - ріерібрЅхрІ«рїхрІФ рїІрѕГ рІерЅ░рЇІрїарїарІЇ рІерїЇрЅЦрЇЁ рїдрѕГ рѕИрѕИрЇБ рібрЅхрІ«рїхрІФріЊ ріарѕюрѕфріФ рѕірІ░рѕФрІ░рѕЕ ріљрІЇрЇБ ріаріљрїІрїІрѕфрІЇ рІерѕўрЅђрѕї рЇЇрѕГрІхрЇБ рібрЅхрІ«рїхрІФрІЇрІФріЉрѕърЅх рЅ░рЇѕрѕерІ░рЅБрЅИрІЇ","https://www.youtube.com/@fetadailynews1","Ugya8TvzW5DGs9Mu_Ih4AaABAg","рІ░рїЇ ріарІ░рѕеріерЅй­ЪўЁ­ЪўЁ","@ggssggss8656",0,"1752224400"
"j8U5EDqPmM8","Ethiopia - ріерібрЅхрІ«рїхрІФ рїІрѕГ рІерЅ░рЇІрїарїарІЇ рІерїЇрЅЦрЇЁ рїдрѕГ рѕИрѕИрЇБ рібрЅхрІ«рїхрІФріЊ ріарѕюрѕфріФ рѕірІ░рѕФрІ░рѕЕ ріљрІЇрЇБ ріаріљрїІрїІрѕфрІЇ рІерѕўрЅђрѕї рЇЇрѕГрІхрЇБ рібрЅхрІ«рїхрІФрІЇрІФріЉрѕърЅх рЅ░рЇѕрѕерІ░рЅБрЅИрІЇ","https://www.youtube.com/@fetadailynews1","Ugyd7qnEJMQYw-0TJop4AaABAg","рІѕріЋрІхріарѕѕрѕЏрІѕрЅЁ","@Hawaa-w6l",0,"1752206400"
"j8U5EDqPmM8","Ethiopia - ріерібрЅхрІ«рїхрІФ рїІрѕГ рІерЅ░рЇІрїарїарІЇ рІерїЇрЅЦрЇЁ рїдрѕГ рѕИрѕИрЇБ рібрЅхрІ«рїхрІФріЊ ріарѕюрѕфріФ рѕірІ░рѕФрІ░рѕЕ ріљрІЇрЇБ ріаріљрїІрїІрѕфрІЇ рІерѕўрЅђрѕї рЇЇрѕГрІхрЇБ рібрЅхрІ«рїхрІФрІЇрІФріЉрѕърЅх рЅ░рЇѕрѕерІ░рЅБрЅИрІЇ","https://www.youtube.com/@fetadailynews1","UgzKvunapjNnIoNNhA14AaABAg","­Ъўб­Ъўб­Ъўб­Ъўбріаріарѕе ріБрѕЏрѕФрІјрЅй  рЇђрѕјрЅх ріЦріЊрѕГрїЇ  рІхрѕЇ рѕѕрЇІріќ рІхрѕЇ рѕѕрїЇрЅЦрЇЁ рЅарѕЅ  рібрЅХрїхрІФ рЅхрЇЇрѕерѕх рЅарѕЅ рїЇрЅЦрЇЁ­Ъњф­Ъњф­Ъњф­Ъњф­Ъњф­Ъњф­Ъњф­Ъњф­Ъњф­Ъњф­Ъўб­Ъўб","@MehamedFerej-g3v",1,"1752217200"
"j8U5EDqPmM8","Ethiopia - ріерібрЅхрІ«рїхрІФ рїІрѕГ рІерЅ░рЇІрїарїарІЇ рІерїЇрЅЦрЇЁ рїдрѕГ рѕИрѕИрЇБ рібрЅхрІ«рїхрІФріЊ ріарѕюрѕфріФ рѕірІ░рѕФрІ░рѕЕ ріљрІЇрЇБ ріаріљрїІрїІрѕфрІЇ рІерѕўрЅђрѕї рЇЇрѕГрІхрЇБ рібрЅхрІ«рїхрІФрІЇрІФріЉрѕърЅх рЅ░рЇѕрѕерІ░рЅБрЅИрІЇ","https://www.youtube.com/@fetadailynews1","UgzKvunapjNnIoNNhA14AaABAg.AKS7b6WFh_NAKS8saeLZvJ","­Ъўѓ­Ъўѓ­Ъўѓ Digital Shabiya. ріарІГ рѕ╗рЅбрІФ­Ъўѓ ріЦріЏ ріарѕЏрѕ«рЅй рѕўрЅ╝рѕЮ ріЦріЋрІ▓рѕЁ ріаріЋрѕЇрѕЮ
­Ъњџ­ЪњЏРЮц№ИЈрІерЅ░рѕхрЇІрІГрЅи рѕЮрІхрѕГ рѕ░ріЋрІ░рЅЁ­Ъњџ­ЪњЏРЮц№ИЈ
­Ъњџ­ЪњЏРЮц№ИЈрІхрѕЇ рѕѕрібрЅхрІ«рї▓рІФрЅйріЋ ­Ъњџ­ЪњЏРЮц№ИЈ ріарЅЦрІГріЋ ріарѕЮрѕГрѕг ріЦрїарѕІрѕѕрІЅ рЅБрїѕрѕг рїЇріЋ рЅђрѕЇрІх рІерѕѕрѕЮ.рІерѕІрІГ рѕ░рЇѕрѕГ рїЅрІ│рІГ ріерїерѕерѕхріЋ рЅаріІрѕІ ріарЅбрІГ рІеріЦрїЂріЋ ріЦріЋрѕ░рїарІІрѕѕріЋ­Ъњџ­ЪњЏРЮц№ИЈ","@robie5210",0,"1752217200"
"j8U5EDqPmM8","Ethiopia - ріерібрЅхрІ«рїхрІФ рїІрѕГ рІерЅ░рЇІрїарїарІЇ рІерїЇрЅЦрЇЁ рїдрѕГ рѕИрѕИрЇБ рібрЅхрІ«рїхрІФріЊ ріарѕюрѕфріФ рѕірІ░рѕФрІ░рѕЕ ріљрІЇрЇБ ріаріљрїІрїІрѕфрІЇ рІерѕўрЅђрѕї рЇЇрѕГрІхрЇБ рібрЅхрІ«рїхрІФрІЇрІФріЉрѕърЅх рЅ░рЇѕрѕерІ░рЅБрЅИрІЇ","https://www.youtube.com/@fetadailynews1","UgzKvunapjNnIoNNhA14AaABAg.AKS7b6WFh_NAKS9pqX1ZoO","рѕ▓рІФрѕЮрѕГрѕЁ рІГрЅЁрѕГрЇц ріЦріЊріЋрЅ░ ріЦрІерЇѕрѕерѕ│рЅйрѕЂ ріљрІЇ ріарѕхрѕўрѕФріЋрѕЮ рїерѕЮрѕ« ріІрѕІ рЅђрѕ«рЅй рЇб","@almaz-rudy8793",1,"1752217200"
"j8U5EDqPmM8","Ethiopia - ріерібрЅхрІ«рїхрІФ рїІрѕГ рІерЅ░рЇІрїарїарІЇ рІерїЇрЅЦрЇЁ рїдрѕГ рѕИрѕИрЇБ рібрЅхрІ«рїхрІФріЊ ріарѕюрѕфріФ рѕірІ░рѕФрІ░рѕЕ ріљрІЇрЇБ ріаріљрїІрїІрѕфрІЇ рІерѕўрЅђрѕї рЇЇрѕГрІхрЇБ рібрЅхрІ«рїхрІФрІЇрІФріЉрѕърЅх рЅ░рЇѕрѕерІ░рЅБрЅИрІЇ","https://www.youtube.com/@fetadailynews1","UgzARWvwhHKEVegh5954AaABAg","РЮцРЮцРЮцРЮцРЮцРЮцРЮцРЮцРЮц","@AbobakerHussein-eo2ez",0,"1752206400"
"j8U5EDqPmM8","Ethiopia - ріерібрЅхрІ«рїхрІФ рїІрѕГ рІерЅ░рЇІрїарїарІЇ рІерїЇрЅЦрЇЁ рїдрѕГ рѕИрѕИрЇБ рібрЅхрІ«рїхрІФріЊ ріарѕюрѕфріФ рѕірІ░рѕФрІ░рѕЕ ріљрІЇрЇБ ріаріљрїІрїІрѕфрІЇ рІерѕўрЅђрѕї рЇЇрѕГрІхрЇБ рібрЅхрІ«рїхрІФрІЇрІФріЉрѕърЅх рЅ░рЇѕрѕерІ░рЅБрЅИрІЇ","https://www.youtube.com/@fetadailynews1","Ugz0OnzazTnLT-ODBfN4AaABAg","рѕўрїѕрІ░рѕЇ рѕ▓ріќрѕГрЅарЅх рІеріЦрІхрѕю рѕЇріГ ріЦрѕЦрѕФрЅх рЅЁрїБрЅх рЅђрѕЇрІх ріљрІЇ ::","@HusseinKedir-gi9yw",0,"1752210000"
"j8U5EDqPmM8","Ethiopia - ріерібрЅхрІ«рїхрІФ рїІрѕГ рІерЅ░рЇІрїарїарІЇ рІерїЇрЅЦрЇЁ рїдрѕГ рѕИрѕИрЇБ рібрЅхрІ«рїхрІФріЊ ріарѕюрѕфріФ рѕірІ░рѕФрІ░рѕЕ ріљрІЇрЇБ ріаріљрїІрїІрѕфрІЇ рІерѕўрЅђрѕї рЇЇрѕГрІхрЇБ рібрЅхрІ«рїхрІФрІЇрІФріЉрѕърЅх рЅ░рЇѕрѕерІ░рЅБрЅИрІЇ","https://www.youtube.com/@fetadailynews1","UgxWwp8bqvxWNLRgPxN4AaABAg","рѕ│ріАрІ▓ рЅарїЇрІхрІФ рѕўрЅЁрїБрЅи ріЦрІ░рЅх рІ░рѕх рІГрѕІрѕЇ ріерѕЮрѕГ рѕѕрѕърЅ▒рЅх рѕўрѕЇріФрѕЮ рїђрѕђріљрѕЮ рІФрѕГрїЇрѕІрЅИрІЅ рЅђрЅЦрѕФрЅИрІЅріЋ","@HussinSaide",0,"1752217200"
"j8U5EDqPmM8","Ethiopia - ріерібрЅхрІ«рїхрІФ рїІрѕГ рІерЅ░рЇІрїарїарІЇ рІерїЇрЅЦрЇЁ рїдрѕГ рѕИрѕИрЇБ рібрЅхрІ«рїхрІФріЊ ріарѕюрѕфріФ рѕірІ░рѕФрІ░рѕЕ ріљрІЇрЇБ ріаріљрїІрїІрѕфрІЇ рІерѕўрЅђрѕї рЇЇрѕГрІхрЇБ рібрЅхрІ«рїхрІФрІЇрІФріЉрѕърЅх рЅ░рЇѕрѕерІ░рЅБрЅИрІЇ","https://www.youtube.com/@fetadailynews1","UgxWwp8bqvxWNLRgPxN4AaABAg.AKSBrc7xtPbAKSGP5lIVzC","­Ъўб","@RrRr-q2n",0,"1752220800"
"j8U5EDqPmM8","Ethiopia - ріерібрЅхрІ«рїхрІФ рїІрѕГ рІерЅ░рЇІрїарїарІЇ рІерїЇрЅЦрЇЁ рїдрѕГ рѕИрѕИрЇБ рібрЅхрІ«рїхрІФріЊ ріарѕюрѕфріФ рѕірІ░рѕФрІ░рѕЕ ріљрІЇрЇБ ріаріљрїІрїІрѕфрІЇ рІерѕўрЅђрѕї рЇЇрѕГрІхрЇБ рібрЅхрІ«рїхрІФрІЇрІФріЉрѕърЅх рЅ░рЇѕрѕерІ░рЅБрЅИрІЇ","https://www.youtube.com/@fetadailynews1","UgxYb7szbTHq93Co8414AaABAg","рѕърЅх рѕѕрѕЋрІѕрѕљрЅх","@tadeyosgetachew",2,"1752210000"
"j8U5EDqPmM8","Ethiopia - ріерібрЅхрІ«рїхрІФ рїІрѕГ рІерЅ░рЇІрїарїарІЇ рІерїЇрЅЦрЇЁ рїдрѕГ рѕИрѕИрЇБ рібрЅхрІ«рїхрІФріЊ ріарѕюрѕфріФ рѕірІ░рѕФрІ░рѕЕ ріљрІЇрЇБ ріаріљрїІрїІрѕфрІЇ рІерѕўрЅђрѕї рЇЇрѕГрІхрЇБ рібрЅхрІ«рїхрІФрІЇрІФріЉрѕърЅх рЅ░рЇѕрѕерІ░рЅБрЅИрІЇ","https://www.youtube.com/@fetadailynews1","UgwPDPhjxOVd5Fkism94AaABAg","рЅарѕ│рІЇрІ▓ рІерѕЮрЅхріќрѕЕ рІѕріЋрІхрѕърЅйріЊ рІѕрїѕріќрЅ╗рЅйріЋ ріЦрЅБріФрЅ╣ріЋ рЅ░рїаріЋрЅђрЅЂ рѕЁрїЅ  рЅ░ріФрЅарІ░ ріЦріЋрїѓ рЅарѕИрѕфріа рїЇрІхрІФ рІерѕџрЇѕрЅђрІ░рІЇ рІерїѕрІ░рѕѕ рІГрїѕрІ░рѕЇ рЅарѕџрѕхрЅ▒рѕІрІГ рІерѕЏрїѕрїа рІѕрІГрѕЮ рЅарЅБрѕЈрѕІрІГ рІерѕЏрїѕрїарЅй рѕ┤рЅхріЋ рІерІ░рЇѕрѕеріЊ рЅаріЦрѕхрѕЇрѕЮріЊрѕІрІГ рЅарїБрѕЮ рѕ▓рЅарІЏ рЅарїБрѕЮ рѕЇріЦ ріЦріЋрІ░ рібрЅхрІ«рїхрІФ ріаріЋрІ│рІх рІІрѕЇрїї ріГрѕГрѕхрЅ▓рІФріќрЅй рІхріЋрЅарѕГ рІерѕџрІФрѕЇрЇЇ ріФрѕђрІ▓ріЊ рѕЎріЊрЇірЅЁ ріљрІЇ рІерѕџрїѕрІ░рѕѕрІЇ ріЦріЋрїѓ рЅарІџ рѕЇріГ рїЇріЋ рЅхріЋрѕй ріерЅарІ░ рЅЦрЅ╗ рѕѕрѕхрѕФ рѕхрѕѕрІѕрїБрЅ╣ рЅЦрЅ╗ рІФрїѕріўрѕЂрЅхріЋ ріЦрѕ░рѕФрѕѕрѕЂ рІерѕџрЅБрѕЇ ріарѕЏрѕГріЏ рѕ│рІЇрІ▓рІЇрѕхрїЦ ріЦріЋрІ░рѕЏрІГрѕ░рѕФ рѕЏрІѕрЅЁ ріарѕѕрЅБрЅ╣ ріЦріЊ рЅ░рїаріЋрЅђрЅЂ рЅарЅ░рѕерЇѕ ріарѕІрѕЁ рІГрїарЅЦрЅЃрЅ╣ рІГрїарЅЦрЅђріЋ­Ъц▓","@FDHH-h7c7m",1,"1752210000"
"j8U5EDqPmM8","Ethiopia - ріерібрЅхрІ«рїхрІФ рїІрѕГ рІерЅ░рЇІрїарїарІЇ рІерїЇрЅЦрЇЁ рїдрѕГ рѕИрѕИрЇБ рібрЅхрІ«рїхрІФріЊ ріарѕюрѕфріФ рѕірІ░рѕФрІ░рѕЕ ріљрІЇрЇБ ріаріљрїІрїІрѕфрІЇ рІерѕўрЅђрѕї рЇЇрѕГрІхрЇБ рібрЅхрІ«рїхрІФрІЇрІФріЉрѕърЅх рЅ░рЇѕрѕерІ░рЅБрЅИрІЇ","https://www.youtube.com/@fetadailynews1","Ugxm6l7LwCTC065GKCV4AaABAg","ріЦріћріЋ ріарІГрѕўрѕѕріерЅхрѕЮ рѕЏрѕѕрЅх ріљрІІ рЅфрІЏрІЇ­ЪўЁ­Ъў«­Ъўб­ЪјЅ­ЪјЅ","@HasenShamile-m8b",0,"1752206400"
"j8U5EDqPmM8","Ethiopia - ріерібрЅхрІ«рїхрІФ рїІрѕГ рІерЅ░рЇІрїарїарІЇ рІерїЇрЅЦрЇЁ рїдрѕГ рѕИрѕИрЇБ рібрЅхрІ«рїхрІФріЊ ріарѕюрѕфріФ рѕірІ░рѕФрІ░рѕЕ ріљрІЇрЇБ ріаріљрїІрїІрѕфрІЇ рІерѕўрЅђрѕї рЇЇрѕГрІхрЇБ рібрЅхрІ«рїхрІФрІЇрІФріЉрѕърЅх рЅ░рЇѕрѕерІ░рЅБрЅИрІЇ","https://www.youtube.com/@fetadailynews1","UgxrPn2FkB_ZoCkE6ft4AaABAg","ріеріарѕюрѕфріФ рїІрѕГ рЅарЅ│рѕфрЇЇ рІхрѕГрІхрѕГ рѕЏрѕѕрЅх
рѕѕріЦрѕхрѕхрЅи US рѕФрѕхріЋ рЅарЅЁріЮ рїЇрІЏрЅх рѕхрѕГ рѕўрѕхрїарЅх ріљрІЇ !­ЪЄф­ЪЄ╣","@freetook5167",0,"1752210000"
"j8U5EDqPmM8","Ethiopia - ріерібрЅхрІ«рїхрІФ рїІрѕГ рІерЅ░рЇІрїарїарІЇ рІерїЇрЅЦрЇЁ рїдрѕГ рѕИрѕИрЇБ рібрЅхрІ«рїхрІФріЊ ріарѕюрѕфріФ рѕірІ░рѕФрІ░рѕЕ ріљрІЇрЇБ ріаріљрїІрїІрѕфрІЇ рІерѕўрЅђрѕї рЇЇрѕГрІхрЇБ рібрЅхрІ«рїхрІФрІЇрІФріЉрѕърЅх рЅ░рЇѕрѕерІ░рЅБрЅИрІЇ","https://www.youtube.com/@fetadailynews1","Ugx5vopXIgUEo06YqfB4AaABAg","Which Etiopia?","@kabnab8344",1,"1752213600"
"j8U5EDqPmM8","Ethiopia - ріерібрЅхрІ«рїхрІФ рїІрѕГ рІерЅ░рЇІрїарїарІЇ рІерїЇрЅЦрЇЁ рїдрѕГ рѕИрѕИрЇБ рібрЅхрІ«рїхрІФріЊ ріарѕюрѕфріФ рѕірІ░рѕФрІ░рѕЕ ріљрІЇрЇБ ріаріљрїІрїІрѕфрІЇ рІерѕўрЅђрѕї рЇЇрѕГрІхрЇБ рібрЅхрІ«рїхрІФрІЇрІФріЉрѕърЅх рЅ░рЇѕрѕерІ░рЅБрЅИрІЇ","https://www.youtube.com/@fetadailynews1","Ugx5vopXIgUEo06YqfB4AaABAg.AKS-GHjV6sUAKS1ID372Fn","рЅ░рѕерІІріЦ","@munameroawi1777",0,"1752213600"
"j8U5EDqPmM8","Ethiopia - ріерібрЅхрІ«рїхрІФ рїІрѕГ рІерЅ░рЇІрїарїарІЇ рІерїЇрЅЦрЇЁ рїдрѕГ рѕИрѕИрЇБ рібрЅхрІ«рїхрІФріЊ ріарѕюрѕфріФ рѕірІ░рѕФрІ░рѕЕ ріљрІЇрЇБ ріаріљрїІрїІрѕфрІЇ рІерѕўрЅђрѕї рЇЇрѕГрІхрЇБ рібрЅхрІ«рїхрІФрІЇрІФріЉрѕърЅх рЅ░рЇѕрѕерІ░рЅБрЅИрІЇ","https://www.youtube.com/@fetadailynews1","UgwBkKtErrYiJ2pAYBN4AaABAg","рЇЇрѕГрІ▒ рѕўрѕ░рЅђрѕЇ ріљрЅарѕГ рѕЇріГ ріЦріЋрІ░ рѕ│рІЇрІ▓ рЇЦріЦрѕЁрЅх ріЊрЅх рЅЦрѕѕріЋ ріФрѕ░рЅЦріЋ","@AbdurezakJuhar-tt5lx",0,"1752217200"
"j8U5EDqPmM8","Ethiopia - ріерібрЅхрІ«рїхрІФ рїІрѕГ рІерЅ░рЇІрїарїарІЇ рІерїЇрЅЦрЇЁ рїдрѕГ рѕИрѕИрЇБ рібрЅхрІ«рїхрІФріЊ ріарѕюрѕфріФ рѕірІ░рѕФрІ░рѕЕ ріљрІЇрЇБ ріаріљрїІрїІрѕфрІЇ рІерѕўрЅђрѕї рЇЇрѕГрІхрЇБ рібрЅхрІ«рїхрІФрІЇрІФріЉрѕърЅх рЅ░рЇѕрѕерІ░рЅБрЅИрІЇ","https://www.youtube.com/@fetadailynews1","Ugwz-QmGrvjhv-mEF8Z4AaABAg","Ante mnm merja yelehm wshetam","@tesfaweldewah1278",1,"1752217200"
"j8U5EDqPmM8","Ethiopia - ріерібрЅхрІ«рїхрІФ рїІрѕГ рІерЅ░рЇІрїарїарІЇ рІерїЇрЅЦрЇЁ рїдрѕГ рѕИрѕИрЇБ рібрЅхрІ«рїхрІФріЊ ріарѕюрѕфріФ рѕірІ░рѕФрІ░рѕЕ ріљрІЇрЇБ ріаріљрїІрїІрѕфрІЇ рІерѕўрЅђрѕї рЇЇрѕГрІхрЇБ рібрЅхрІ«рїхрІФрІЇрІФріЉрѕърЅх рЅ░рЇѕрѕерІ░рЅБрЅИрІЇ","https://www.youtube.com/@fetadailynews1","UgxRt0km9R6Spjwn5Ep4AaABAg","­Ъўб­Ъўб­Ъўб­Ъўб­Ъўб­Ъўб­Ъўб­Ъўб­Ъўб","@MmmTyty",0,"1752210000"
"j8U5EDqPmM8","Ethiopia - ріерібрЅхрІ«рїхрІФ рїІрѕГ рІерЅ░рЇІрїарїарІЇ рІерїЇрЅЦрЇЁ рїдрѕГ рѕИрѕИрЇБ рібрЅхрІ«рїхрІФріЊ ріарѕюрѕфріФ рѕірІ░рѕФрІ░рѕЕ ріљрІЇрЇБ ріаріљрїІрїІрѕфрІЇ рІерѕўрЅђрѕї рЇЇрѕГрІхрЇБ рібрЅхрІ«рїхрІФрІЇрІФріЉрѕърЅх рЅ░рЇѕрѕерІ░рЅБрЅИрІЇ","https://www.youtube.com/@fetadailynews1","UgxG-bgo8hNxpEOr5Wl4AaABAg","рѕ│рІЇрІ▓ рѕѕріЏ рѕѕрѕђрЅарѕИ рІерѕѕрЅИрІЇ рїЦрѕѕрЅ╗ ріерЅарІх ріљрІЇ­Ъўб­Ъўб­Ъўб­Ъўб­Ъўб­Ъўб","@AbdelaMohammed-y6i",0,"1752213600"
"j8U5EDqPmM8","Ethiopia - ріерібрЅхрІ«рїхрІФ рїІрѕГ рІерЅ░рЇІрїарїарІЇ рІерїЇрЅЦрЇЁ рїдрѕГ рѕИрѕИрЇБ рібрЅхрІ«рїхрІФріЊ ріарѕюрѕфріФ рѕірІ░рѕФрІ░рѕЕ ріљрІЇрЇБ ріаріљрїІрїІрѕфрІЇ рІерѕўрЅђрѕї рЇЇрѕГрІхрЇБ рібрЅхрІ«рїхрІФрІЇрІФріЉрѕърЅх рЅ░рЇѕрѕерІ░рЅБрЅИрІЇ","https://www.youtube.com/@fetadailynews1","UgxG-bgo8hNxpEOr5Wl4AaABAg.AKS2cIkQ7mHAKS9Bps0QVo","­ЪўЁ­ЪўЁ­ЪўЁ­ЪўЁріБрІ░рѕЇ ріЦріЋрІ░рЇѕрѕѕрїЇріГ рѕ░рІЅ рѕўрїЇрІ░рѕЇ рѕ┤рЅх рѕўрІхрЇѕрѕГ  ріБрІ░ріЁріЋрІЏрІЦ рІњрЇЁ рѕЏрІўрІІрІѕрѕГ ріерЇѕрѕѕріГ  рѕѓрІх рІѕрІ░ рїерѕѕрѕЏрІІ рібрЅХрїхрІФ­ЪўЁ­ЪўЁ","@MehamedFerej-g3v",0,"1752217200"
"j8U5EDqPmM8","Ethiopia - ріерібрЅхрІ«рїхрІФ рїІрѕГ рІерЅ░рЇІрїарїарІЇ рІерїЇрЅЦрЇЁ рїдрѕГ рѕИрѕИрЇБ рібрЅхрІ«рїхрІФріЊ ріарѕюрѕфріФ рѕірІ░рѕФрІ░рѕЕ ріљрІЇрЇБ ріаріљрїІрїІрѕфрІЇ рІерѕўрЅђрѕї рЇЇрѕГрІхрЇБ рібрЅхрІ«рїхрІФрІЇрІФріЉрѕърЅх рЅ░рЇѕрѕерІ░рЅБрЅИрІЇ","https://www.youtube.com/@fetadailynews1","UgwJyJasAmjcz8E1ISh4AaABAg","рІФрѕЇрїѕрЅБріЮ рЅбріќрѕГ рѕѕрѕўрѕєріЉ рЅарѕЮріЋ ріарІГріљрЅх рїЅрІ│рІГ ріљрІЇ рІерѕџрІ░рѕФрІ░рѕЕрЅх ріеріарѕюрѕфріФріЋ рїІрѕГ?? ріарѕюрѕфріФ рІерѕєріљ ріљрїѕрѕГ рЅхрЇѕрѕЇрїІрѕѕрЅй рїЇріЋ рѕЮріЋ? ріерЅарІх рІФрѕѕ ріљрїѕрѕГ ріарѕѕ !!!","@mekonnen74",0,"1752213600"
"j8U5EDqPmM8","Ethiopia - ріерібрЅхрІ«рїхрІФ рїІрѕГ рІерЅ░рЇІрїарїарІЇ рІерїЇрЅЦрЇЁ рїдрѕГ рѕИрѕИрЇБ рібрЅхрІ«рїхрІФріЊ ріарѕюрѕфріФ рѕірІ░рѕФрІ░рѕЕ ріљрІЇрЇБ ріаріљрїІрїІрѕфрІЇ рІерѕўрЅђрѕї рЇЇрѕГрІхрЇБ рібрЅхрІ«рїхрІФрІЇрІФріЉрѕърЅх рЅ░рЇѕрѕерІ░рЅБрЅИрІЇ","https://www.youtube.com/@fetadailynews1","UgwOeCTBJbPXC1NXsLp4AaABAg","ріБрІГ рІГрѕЁрЅ║  рїЅрІ░ріЏ ріБрѕхрЅЃрІГрЅ░рІЇ рІГрїѕрІ░рѕЈрЅхріЋ  рЅЂрїГ ріБрІхрѕГрїј рІерѕџрЅђрѕЇрЅЦ рЇЇрѕГрІх ???? рІхрІхріЋрЅёрѕЮ рЇЇрѕГрІх рЅцрЅх ??? ріљрїѕ ріГрѕХрѕхрЅх рІѕрѕГ рЅарѕЃрѕІ рѕѕрѕІрѕѕрѕўрѕѕрЅђрЅЃрЅИрІЇ рѕЮріЋ рІхріљрІЇ рѕЏрѕГрїІрїѕрїФрІЅ ????","@misikirzewgeketaw5501",0,"1752224400"
"j8U5EDqPmM8","Ethiopia - ріерібрЅхрІ«рїхрІФ рїІрѕГ рІерЅ░рЇІрїарїарІЇ рІерїЇрЅЦрЇЁ рїдрѕГ рѕИрѕИрЇБ рібрЅхрІ«рїхрІФріЊ ріарѕюрѕфріФ рѕірІ░рѕФрІ░рѕЕ ріљрІЇрЇБ ріаріљрїІрїІрѕфрІЇ рІерѕўрЅђрѕї рЇЇрѕГрІхрЇБ рібрЅхрІ«рїхрІФрІЇрІФріЉрѕърЅх рЅ░рЇѕрѕерІ░рЅБрЅИрІЇ","https://www.youtube.com/@fetadailynews1","Ugw-LV0-TL3bJyPsNc14AaABAg","рЅБріГрѕЁ рІерѕЏрІГрѕєріЋ ріЋ ріљрїѕрѕГ ріарЅхрІўрїЇрЅЦРЮЌ№ИЈРЮї","@523zw910",0,"1752213600"
"j8U5EDqPmM8","Ethiopia - ріерібрЅхрІ«рїхрІФ рїІрѕГ рІерЅ░рЇІрїарїарІЇ рІерїЇрЅЦрЇЁ рїдрѕГ рѕИрѕИрЇБ рібрЅхрІ«рїхрІФріЊ ріарѕюрѕфріФ рѕірІ░рѕФрІ░рѕЕ ріљрІЇрЇБ ріаріљрїІрїІрѕфрІЇ рІерѕўрЅђрѕї рЇЇрѕГрІхрЇБ рібрЅхрІ«рїхрІФрІЇрІФріЉрѕърЅх рЅ░рЇѕрѕерІ░рЅБрЅИрІЇ","https://www.youtube.com/@fetadailynews1","Ugwk82RFf6d9-A7qCGF4AaABAg","ріарѕГрЇЇ  ріљрІЅ   рЅарїірІю  рїЦрѕГрїі  рЅхрЅарѕЇ   !!!!","@BeyeneUmeta",0,"1752206400"
"j8U5EDqPmM8","Ethiopia - ріерібрЅхрІ«рїхрІФ рїІрѕГ рІерЅ░рЇІрїарїарІЇ рІерїЇрЅЦрЇЁ рїдрѕГ рѕИрѕИрЇБ рібрЅхрІ«рїхрІФріЊ ріарѕюрѕфріФ рѕірІ░рѕФрІ░рѕЕ ріљрІЇрЇБ ріаріљрїІрїІрѕфрІЇ рІерѕўрЅђрѕї рЇЇрѕГрІхрЇБ рібрЅхрІ«рїхрІФрІЇрІФріЉрѕърЅх рЅ░рЇѕрѕерІ░рЅБрЅИрІЇ","https://www.youtube.com/@fetadailynews1","UgyAn_Da1ra5tseMVhd4AaABAg","Ethiopia eyalu megoreru yibka,ethiopia malet tarik alba ashergaj lemagn hager nat wat adrgut.","@habtishtsegay8967",0,"1752256800"
"j8U5EDqPmM8","Ethiopia - ріерібрЅхрІ«рїхрІФ рїІрѕГ рІерЅ░рЇІрїарїарІЇ рІерїЇрЅЦрЇЁ рїдрѕГ рѕИрѕИрЇБ рібрЅхрІ«рїхрІФріЊ ріарѕюрѕфріФ рѕірІ░рѕФрІ░рѕЕ ріљрІЇрЇБ ріаріљрїІрїІрѕфрІЇ рІерѕўрЅђрѕї рЇЇрѕГрІхрЇБ рібрЅхрІ«рїхрІФрІЇрІФріЉрѕърЅх рЅ░рЇѕрѕерІ░рЅБрЅИрІЇ","https://www.youtube.com/@fetadailynews1","UgyTTZDdpuo11vbkXuJ4AaABAg","FETA ANTE ENSESA,  WUSHETAM  WISHA! TORNET LEGETEMU NAW TELALE,   NEGE LELA ZENA! AHIYA!","@teka1528",0,"1752206400"
"j8U5EDqPmM8","Ethiopia - ріерібрЅхрІ«рїхрІФ рїІрѕГ рІерЅ░рЇІрїарїарІЇ рІерїЇрЅЦрЇЁ рїдрѕГ рѕИрѕИрЇБ рібрЅхрІ«рїхрІФріЊ ріарѕюрѕфріФ рѕірІ░рѕФрІ░рѕЕ ріљрІЇрЇБ ріаріљрїІрїІрѕфрІЇ рІерѕўрЅђрѕї рЇЇрѕГрІхрЇБ рібрЅхрІ«рїхрІФрІЇрІФріЉрѕърЅх рЅ░рЇѕрѕерІ░рЅБрЅИрІЇ","https://www.youtube.com/@fetadailynews1","UgzKLAZ-EdI4AcXrxCh4AaABAg","Egypt sheshet ­Ъўѓvery funny","@senayberaki4276",0,"1752213600"
"j8U5EDqPmM8","Ethiopia - ріерібрЅхрІ«рїхрІФ рїІрѕГ рІерЅ░рЇІрїарїарІЇ рІерїЇрЅЦрЇЁ рїдрѕГ рѕИрѕИрЇБ рібрЅхрІ«рїхрІФріЊ ріарѕюрѕфріФ рѕірІ░рѕФрІ░рѕЕ ріљрІЇрЇБ ріаріљрїІрїІрѕфрІЇ рІерѕўрЅђрѕї рЇЇрѕГрІхрЇБ рібрЅхрІ«рїхрІФрІЇрІФріЉрѕърЅх рЅ░рЇѕрѕерІ░рЅБрЅИрІЇ","https://www.youtube.com/@fetadailynews1","UgzWLbkJF6ExFE6Cs1h4AaABAg","ріЦрѕёріЋ рІѕрЇѕрѕФрѕЮ рІхрѕЮрЇЁ рІГрІўрѕЁ рЅхрЅђрІ░рІ│рѕѕрѕЁ","@Ttamme",0,"1752206400"
"j8U5EDqPmM8","Ethiopia - ріерібрЅхрІ«рїхрІФ рїІрѕГ рІерЅ░рЇІрїарїарІЇ рІерїЇрЅЦрЇЁ рїдрѕГ рѕИрѕИрЇБ рібрЅхрІ«рїхрІФріЊ ріарѕюрѕфріФ рѕірІ░рѕФрІ░рѕЕ ріљрІЇрЇБ ріаріљрїІрїІрѕфрІЇ рІерѕўрЅђрѕї рЇЇрѕГрІхрЇБ рібрЅхрІ«рїхрІФрІЇрІФріЉрѕърЅх рЅ░рЇѕрѕерІ░рЅБрЅИрІЇ","https://www.youtube.com/@fetadailynews1","UgynsGdTlWiE2ScCXSt4AaABAg","рїЇрЅЦрЇЁ­Ъўѓ­Ъўѓ­Ъўѓ­Ъўѓ­Ъўѓ­ЪўѓрЇЇрѕфрІѕрѕІрѕњ","@Hawaa-w6l",0,"1752206400"
"j8U5EDqPmM8","Ethiopia - ріерібрЅхрІ«рїхрІФ рїІрѕГ рІерЅ░рЇІрїарїарІЇ рІерїЇрЅЦрЇЁ рїдрѕГ рѕИрѕИрЇБ рібрЅхрІ«рїхрІФріЊ ріарѕюрѕфріФ рѕірІ░рѕФрІ░рѕЕ ріљрІЇрЇБ ріаріљрїІрїІрѕфрІЇ рІерѕўрЅђрѕї рЇЇрѕГрІхрЇБ рібрЅхрІ«рїхрІФрІЇрІФріЉрѕърЅх рЅ░рЇѕрѕерІ░рЅБрЅИрІЇ","https://www.youtube.com/@fetadailynews1","UgzyaPamwtQsvrXlF9d4AaABAg","Woshet ayalekebachu.­Ъўѓ","@walesebhat465",0,"1752249600"
"j8U5EDqPmM8","Ethiopia - ріерібрЅхрІ«рїхрІФ рїІрѕГ рІерЅ░рЇІрїарїарІЇ рІерїЇрЅЦрЇЁ рїдрѕГ рѕИрѕИрЇБ рібрЅхрІ«рїхрІФріЊ ріарѕюрѕфріФ рѕірІ░рѕФрІ░рѕЕ ріљрІЇрЇБ ріаріљрїІрїІрѕфрІЇ рІерѕўрЅђрѕї рЇЇрѕГрІхрЇБ рібрЅхрІ«рїхрІФрІЇрІФріЉрѕърЅх рЅ░рЇѕрѕерІ░рЅБрЅИрІЇ","https://www.youtube.com/@fetadailynews1","UgyCGfbqYJ8ly-1SVkN4AaABAg","ріЦріћ рІерѕЮрѕѕрІЇ рїЇрЅЦрЇЁ ріЊрѕ░рѕЏрѕї  рЅарІГрЅх рѕўрѕгрЅх ріљрІЇ рІерѕЮрїѕріЊріЎ рІерѕЇрѕєріљ рІѕрѕг рІерѕЮрЅ│рѕўрїБ рѕѕрїѕріЋрІўрЅЦ рЅЦрѕѕрѕЁ рѕ░рІЇріарЅхрѕерЅЦрѕй","@leteyletey3923",0,"1752210000"
"j8U5EDqPmM8","Ethiopia - ріерібрЅхрІ«рїхрІФ рїІрѕГ рІерЅ░рЇІрїарїарІЇ рІерїЇрЅЦрЇЁ рїдрѕГ рѕИрѕИрЇБ рібрЅхрІ«рїхрІФріЊ ріарѕюрѕфріФ рѕірІ░рѕФрІ░рѕЕ ріљрІЇрЇБ ріаріљрїІрїІрѕфрІЇ рІерѕўрЅђрѕї рЇЇрѕГрІхрЇБ рібрЅхрІ«рїхрІФрІЇрІФріЉрѕърЅх рЅ░рЇѕрѕерІ░рЅБрЅИрІЇ","https://www.youtube.com/@fetadailynews1","Ugx0WtwriRqN55kCRIp4AaABAg","рѕ│рІЉрІ▓ ріеріарЅІрѕЪ ріЋрЅЁріЋрЅЁ ріарЅхрѕЇрѕЮ рЅхрЅђрїЦрѕЇрЅарЅх...
рїЇрЅЦрЇЁ рІерѕЮріЊрІЇрЅЃрЅх ріЊрЅх рѕЇрЅЦ рѕЏрЇі","@JemalSeid-e3w",0,"1752213600"
"j8U5EDqPmM8","Ethiopia - ріерібрЅхрІ«рїхрІФ рїІрѕГ рІерЅ░рЇІрїарїарІЇ рІерїЇрЅЦрЇЁ рїдрѕГ рѕИрѕИрЇБ рібрЅхрІ«рїхрІФріЊ ріарѕюрѕфріФ рѕірІ░рѕФрІ░рѕЕ ріљрІЇрЇБ ріаріљрїІрїІрѕфрІЇ рІерѕўрЅђрѕї рЇЇрѕГрІхрЇБ рібрЅхрІ«рїхрІФрІЇрІФріЉрѕърЅх рЅ░рЇѕрѕерІ░рЅБрЅИрІЇ","https://www.youtube.com/@fetadailynews1","Ugx0WtwriRqN55kCRIp4AaABAg.AKS-mOlQyt2AKS9RJP_2bm","­Ъњф­Ъњф­Ъњф­Ъњф­Ъњф­Ъњф­Ъњф­Ъњф­Ъњф­Ъњф­Ъњф","@MehamedFerej-g3v",0,"1752217200"
"j8U5EDqPmM8","Ethiopia - ріерібрЅхрІ«рїхрІФ рїІрѕГ рІерЅ░рЇІрїарїарІЇ рІерїЇрЅЦрЇЁ рїдрѕГ рѕИрѕИрЇБ рібрЅхрІ«рїхрІФріЊ ріарѕюрѕфріФ рѕірІ░рѕФрІ░рѕЕ ріљрІЇрЇБ ріаріљрїІрїІрѕфрІЇ рІерѕўрЅђрѕї рЇЇрѕГрІхрЇБ рібрЅхрІ«рїхрІФрІЇрІФріЉрѕърЅх рЅ░рЇѕрѕерІ░рЅБрЅИрІЇ","https://www.youtube.com/@fetadailynews1","UgwYSJ_V8JWkrSn1Box4AaABAg","рѕ│ріАрІ▓ рѕЏріЋріЋрѕЮ ріарЅхрѕ░рѕЏрѕЮ рІ░рїЇ ріарІ░рѕерїѕрЅй рЅарѕІрЅБрЅИрІЇ рЅбрЅарѕЅрѕ│ рЅаріарЅІрѕФрїГ рѕѕрѕЏрІ░рїЇ рЅєрѕ╗рѕ╗ рѕхрѕФ ріерѕџрѕ░рѕЕ","@JemalAbdu-t3x",0,"1752210000"
"j8U5EDqPmM8","Ethiopia - ріерібрЅхрІ«рїхрІФ рїІрѕГ рІерЅ░рЇІрїарїарІЇ рІерїЇрЅЦрЇЁ рїдрѕГ рѕИрѕИрЇБ рібрЅхрІ«рїхрІФріЊ ріарѕюрѕфріФ рѕірІ░рѕФрІ░рѕЕ ріљрІЇрЇБ ріаріљрїІрїІрѕфрІЇ рІерѕўрЅђрѕї рЇЇрѕГрІхрЇБ рібрЅхрІ«рїхрІФрІЇрІФріЉрѕърЅх рЅ░рЇѕрѕерІ░рЅБрЅИрІЇ","https://www.youtube.com/@fetadailynews1","UgwYSJ_V8JWkrSn1Box4AaABAg.AKRtN0jpGyqAKS9OlxMx1Z","­Ъњф­Ъњф­Ъњф­Ъњф­Ъњф­Ъњф­Ъњф­Ъњф­Ъњф­Ъњф­Ъњф­Ъњф­Ъњф­Ъњф­Ъњф­Ъњф­Ъњф­Ъњф­Ъњф­Ъњф­Ъњф­Ъњф­Ъњф­Ъњф­Ъњф­Ъњф­Ъњф­Ъњф­Ъњф­Ъњф","@MehamedFerej-g3v",0,"1752217200"
"j8U5EDqPmM8","Ethiopia - ріерібрЅхрІ«рїхрІФ рїІрѕГ рІерЅ░рЇІрїарїарІЇ рІерїЇрЅЦрЇЁ рїдрѕГ рѕИрѕИрЇБ рібрЅхрІ«рїхрІФріЊ ріарѕюрѕфріФ рѕірІ░рѕФрІ░рѕЕ ріљрІЇрЇБ ріаріљрїІрїІрѕфрІЇ рІерѕўрЅђрѕї рЇЇрѕГрІхрЇБ рібрЅхрІ«рїхрІФрІЇрІФріЉрѕърЅх рЅ░рЇѕрѕерІ░рЅБрЅИрІЇ","https://www.youtube.com/@fetadailynews1","UgxnTnWUv6EOcIrkyuN4AaABAg","ріаріЋрЅ░рІ░рѕърѕЂрѕЇрїірІюрѕхрїеріЊрЅѓрІюріЊ","@Hawaa-w6l",0,"1752206400"
"j8U5EDqPmM8","Ethiopia - ріерібрЅхрІ«рїхрІФ рїІрѕГ рІерЅ░рЇІрїарїарІЇ рІерїЇрЅЦрЇЁ рїдрѕГ рѕИрѕИрЇБ рібрЅхрІ«рїхрІФріЊ ріарѕюрѕфріФ рѕірІ░рѕФрІ░рѕЕ ріљрІЇрЇБ ріаріљрїІрїІрѕфрІЇ рІерѕўрЅђрѕї рЇЇрѕГрІхрЇБ рібрЅхрІ«рїхрІФрІЇрІФріЉрѕърЅх рЅ░рЇѕрѕерІ░рЅБрЅИрІЇ","https://www.youtube.com/@fetadailynews1","Ugz20AMslr8xOZNKk7Z4AaABAg","ріцрѕГрЅхрѕФ рІерїЇрЅЦрїй рЅ░рѕІрѕІріф рЅБрѕфрІФ ріЊрЅхрЇб","@hussenmeribo",0,"1752220800"
"j8U5EDqPmM8","Ethiopia - ріерібрЅхрІ«рїхрІФ рїІрѕГ рІерЅ░рЇІрїарїарІЇ рІерїЇрЅЦрЇЁ рїдрѕГ рѕИрѕИрЇБ рібрЅхрІ«рїхрІФріЊ ріарѕюрѕфріФ рѕірІ░рѕФрІ░рѕЕ ріљрІЇрЇБ ріаріљрїІрїІрѕфрІЇ рІерѕўрЅђрѕї рЇЇрѕГрІхрЇБ рібрЅхрІ«рїхрІФрІЇрІФріЉрѕърЅх рЅ░рЇѕрѕерІ░рЅБрЅИрІЇ","https://www.youtube.com/@fetadailynews1","UgySpS2bHCs4qq7-Fwl4AaABAg","РЮцРЮцРЮц","@EzedinsabitLalemda",0,"1752206400"
